power washing,pressure washing,home power washing,house power washing,siding cleaning,siding washing,brick cleaning,dryvit cleaning,driveway cleaning,sidewalk cleaning,patio cleaning,exterior house cleaning,soft washing,awning cleaning,pool deck cleaning,screen enclosure cleaning,pool deck cleaning,pool deck power washing,pool deck pressure washing,solar panel cleaning,solar panel washing,graffiti removal,graffiti cleaning,rust removal,rust cleaning
power washer,pressure washer,home power washer,house power washer,vinyl siding cleaning,vinyl siding washing,brick washing,stucco cleaning,driveway washing,sidewalk washing,patio washing,exterior house washing,soft wash,awning washing,pool deck washing,screen enclosure washing,kool deck cleaning,kool deck power washing,kool deck pressure washing,cleaning solar panel,wash solar panel,removing graffiti,graffiti cleaners,removing rust,rust cleaners
power wash,pressure wash,home power wash,house power wash,aluminum siding cleaning,aluminum siding washing,,EIFS cleaning,drive way cleaning,side walk cleaning,,exterior building cleaning,soft washing company,,kool deck cleaning,pool cage cleaning,cool deck cleaning,cool deck power washing,cool deck pressure washing,cleaning solar panels,wash solar panels,graffiti restoration,graffiti cleaner,rust restoration,rust cleaner
power washing company,pressure washing company,home wash,house wash,hardiplank cleaning,hardiplank washing,,dryvit washing,drive way washing,side walk washing,,exterior building washing,soft washing companies,,kool deck washing,pool cage washing,,pool deck washing,,,,,graffiti cleaning service,,rust cleaning service
power washing companies,pressure washing companies,homewash,housewash,wood siding cleaning,wood siding washing,,stucco washing,,,,exterior home cleaning,soft washing service,,cool deck cleaning,pool screen cleaning,,kool deck washing,,,,,graffiti service,,rust service
power washing service,pressure washing service,home washing,house washing,house siding cleaning,house siding washing,,EIFS washing,,,,exterior home washing,soft washing services,,cool deck washing,pool screen washing,,cool deck washing,,,,,,,
power washing services,pressure washing services,,,home siding cleaning,home siding washing,,,,,,,soft washing business,,,,,,,,,,,,
power washing business,pressure washing business,,,,,,,,,,,soft washing cost,,,,,,,,,,,,
power washing cost,pressure washing cost,,,,,,,,,,,soft washing price,,,,,,,,,,,,
power washing price,pressure washing price,,,,,,,,,,,soft wash company,,,,,,,,,,,,
power washer company,pressure washer company,,,,,,,,,,,soft wash companies,,,,,,,,,,,,
power washer companies,pressure washer companies,,,,,,,,,,,soft wash service,,,,,,,,,,,,
power washer service,pressure washer service,,,,,,,,,,,soft wash services,,,,,,,,,,,,
power washer services,pressure washer services,,,,,,,,,,,soft wash business,,,,,,,,,,,,
power washer business,pressure washer business,,,,,,,,,,,soft wash cost,,,,,,,,,,,,
power washer cost,pressure washer cost,,,,,,,,,,,soft wash price,,,,,,,,,,,,
power washer price,pressure washer price,,,,,,,,,,,,,,,,,,,,,,,
power wash company,pressure wash company,,,,,,,,,,,,,,,,,,,,,,,
power wash companies,pressure wash companies,,,,,,,,,,,,,,,,,,,,,,,
power wash service,pressure wash service,,,,,,,,,,,,,,,,,,,,,,,
power wash services,pressure wash services,,,,,,,,,,,,,,,,,,,,,,,
power wash business,pressure wash business,,,,,,,,,,,,,,,,,,,,,,,
power wash cost,pressure wash cost,,,,,,,,,,,,,,,,,,,,,,,
power wash price,pressure wash price,,,,,,,,,,,,,,,,,,,,,,,